<?xml version="1.0" encoding="utf-8"?>
<!DOCTYPE nta PUBLIC '-//Uppaal Team//DTD Flat System 1.1//EN' 'http://www.it.uu.se/research/group/darts/uppaal/flat-1_2.dtd'>
<nta>
	<declaration>urgent broadcast chan hurry;
broadcast chan request;
broadcast chan continue;

bool measuring = false;
bool active = false;

//number of the applications
const int N=6;

// sample variables

int s[N];

bool execution[N];
//number of samples


int list[N];
int ds=0;
int DH=0;
int hyper_period=150;




int requestid=0;</declaration>
	<template>
		<name x="5" y="5">SampleProvider</name>
		<parameter>const int id, int h, int k, const int initiate</parameter>
		<declaration>clock x;
//int sampleNo=0;
int n=0;
</declaration>
		<location id="id0" x="170" y="-263">
			<name x="160" y="-297">End</name>
			<urgent/>
		</location>
		<location id="id1" x="170" y="-119">
			<name x="195" y="-127">To_check_last_sample</name>
			<urgent/>
		</location>
		<location id="id2" x="170" y="0">
			<name x="144" y="17">Sampling</name>
			<label kind="invariant" x="153" y="34">x&lt;=h</label>
		</location>
		<location id="id3" x="17" y="0">
			<name x="9" y="17">INIT</name>
			<label kind="invariant" x="0" y="34">x&lt;=initiate</label>
		</location>
		<init ref="id3"/>
		<transition>
			<source ref="id1"/>
			<target ref="id0"/>
		</transition>
		<transition>
			<source ref="id2"/>
			<target ref="id2"/>
			<label kind="guard" x="323" y="-34">x==h &amp;&amp; n&lt;k</label>
			<label kind="synchronisation" x="323" y="8">request!</label>
			<label kind="assignment" x="323" y="59">requestid=id, x:=0, s[id]++, n++</label>
			<nail x="314" y="-34"/>
			<nail x="314" y="76"/>
		</transition>
		<transition>
			<source ref="id2"/>
			<target ref="id1"/>
			<label kind="guard" x="170" y="-93">x==h &amp;&amp; n==k</label>
			<label kind="synchronisation" x="170" y="-76">request!</label>
			<label kind="assignment" x="170" y="-59">s[id]++</label>
		</transition>
		<transition>
			<source ref="id3"/>
			<target ref="id2"/>
			<label kind="synchronisation" x="68" y="8">request!</label>
			<label kind="assignment" x="-153" y="-34">x:=0, s[id]=1, n=1, list[id]=0,k=k-initiate, requestid=id</label>
		</transition>
	</template>
	<template>
		<name x="5" y="5">ControlApplication</name>
		<parameter>const int id, const int e</parameter>
		<declaration>clock x;
int m=0;
//if there is a deadline miss:
void miss() {
     m++; //add the number of deadline miss
    if (id==0) {
    ds=m; //number of deadline miss
    DH=hyper_period+ds+6; // 6 is for model correction
    }
}</declaration>
		<location id="id4" x="-204" y="-127">
			<committed/>
		</location>
		<location id="id5" x="-204" y="136">
			<name x="-246" y="153">FAST_DECISION</name>
			<committed/>
		</location>
		<location id="id6" x="-68" y="0">
			<name x="-59" y="-25">PREEMPTED</name>
			<label kind="invariant" x="-42" y="-8">x'==0</label>
		</location>
		<location id="id7" x="-204" y="0">
			<name x="-195" y="8">RUNNING</name>
			<label kind="invariant" x="-192" y="24">x&lt;=e</label>
		</location>
		<location id="id8" x="-204" y="-246">
			<name x="-187" y="-255">Activated</name>
		</location>
		<location id="id9" x="-348" y="0">
			<name x="-459" y="-25">Not_Acrtivated</name>
		</location>
		<init ref="id9"/>
		<transition>
			<source ref="id6"/>
			<target ref="id4"/>
			<label kind="guard" x="-136" y="-93">s[id]&gt;0</label>
			<label kind="synchronisation" x="-127" y="-76">hurry!</label>
		</transition>
		<transition>
			<source ref="id4"/>
			<target ref="id9"/>
			<label kind="guard" x="-330" y="-97">x==e</label>
			<label kind="synchronisation" x="-330" y="-80">continue!</label>
			<label kind="assignment" x="-330" y="-63">list[id]--</label>
		</transition>
		<transition>
			<source ref="id4"/>
			<target ref="id8"/>
			<label kind="guard" x="-204" y="-220">x&lt;e</label>
			<label kind="assignment" x="-204" y="-186">miss(), s[id]--</label>
		</transition>
		<transition>
			<source ref="id7"/>
			<target ref="id4"/>
			<label kind="guard" x="-246" y="-85">s[id]&gt;0</label>
			<label kind="synchronisation" x="-238" y="-68">hurry!</label>
		</transition>
		<transition>
			<source ref="id8"/>
			<target ref="id8"/>
			<label kind="guard" x="-221" y="-407">s[id]&gt;0</label>
			<label kind="synchronisation" x="-229" y="-382">hurry!</label>
			<label kind="assignment" x="-229" y="-356">miss(),s[id]--</label>
			<nail x="-280" y="-331"/>
			<nail x="-127" y="-331"/>
		</transition>
		<transition>
			<source ref="id5"/>
			<target ref="id9"/>
			<label kind="guard" x="-374" y="102">x==e</label>
			<label kind="synchronisation" x="-374" y="119">continue!</label>
			<label kind="assignment" x="-365" y="136">list[id]=0</label>
			<nail x="-348" y="102"/>
		</transition>
		<transition>
			<source ref="id5"/>
			<target ref="id6"/>
			<label kind="guard" x="-110" y="85">x&lt;e</label>
			<nail x="-68" y="102"/>
		</transition>
		<transition>
			<source ref="id7"/>
			<target ref="id5"/>
			<label kind="guard" x="-195" y="59">!execution[id]&amp;&amp;s[id]==0</label>
			<label kind="synchronisation" x="-195" y="76">hurry!</label>
		</transition>
		<transition>
			<source ref="id6"/>
			<target ref="id7"/>
			<label kind="guard" x="-161" y="-34">execution[id]</label>
			<label kind="synchronisation" x="-153" y="-17">hurry!</label>
		</transition>
		<transition>
			<source ref="id7"/>
			<target ref="id9"/>
			<label kind="guard" x="-289" y="-34">x==e</label>
			<label kind="synchronisation" x="-306" y="-17">continue!</label>
			<label kind="assignment" x="-297" y="8">list[id]--</label>
		</transition>
		<transition>
			<source ref="id8"/>
			<target ref="id7"/>
			<label kind="guard" x="-145" y="-153">execution[id]</label>
			<label kind="synchronisation" x="-136" y="-136">hurry!</label>
			<label kind="assignment" x="-136" y="-119">x=0</label>
			<nail x="-136" y="-119"/>
			<nail x="-195" y="-17"/>
		</transition>
		<transition>
			<source ref="id9"/>
			<target ref="id8"/>
			<label kind="guard" x="-382" y="-187">s[id]&gt;0</label>
			<label kind="synchronisation" x="-391" y="-170">hurry!</label>
			<label kind="assignment" x="-382" y="-153">s[id]--</label>
			<nail x="-348" y="-153"/>
		</transition>
	</template>
	<template>
		<name>Processor</name>
		<declaration>clock x;
int myturn=0;
int i=N-1;
int z=0;

//put zero for all the elements of execution
void execution0()
{
    int j=0;
    while (j&lt;N)
    {
        execution[j]=0;
        j++;
    }
}</declaration>
		<location id="id10" x="-221" y="348">
			<committed/>
		</location>
		<location id="id11" x="416" y="136">
			<name x="382" y="153">Reduce_i</name>
			<committed/>
		</location>
		<location id="id12" x="110" y="221">
			<name x="-21" y="216">Who_is_next</name>
			<committed/>
		</location>
		<location id="id13" x="110" y="8">
			<name x="81" y="-31">Available</name>
		</location>
		<init ref="id13"/>
		<transition>
			<source ref="id10"/>
			<target ref="id12"/>
			<nail x="-51" y="357"/>
		</transition>
		<transition>
			<source ref="id12"/>
			<target ref="id10"/>
			<label kind="synchronisation" x="-177" y="221">continue?</label>
			<label kind="assignment" x="-177" y="238">list[requestid]=1</label>
			<nail x="-195" y="255"/>
		</transition>
		<transition>
			<source ref="id12"/>
			<target ref="id11"/>
			<label kind="guard" x="272" y="204">i&gt;=0 &amp;&amp; list[i]&gt;=1</label>
			<label kind="assignment" x="263" y="238">myturn=i</label>
		</transition>
		<transition>
			<source ref="id11"/>
			<target ref="id13"/>
			<label kind="assignment" x="255" y="34">i=N-1, execution[myturn]=1</label>
		</transition>
		<transition>
			<source ref="id13"/>
			<target ref="id12"/>
			<label kind="synchronisation" x="-119" y="85">continue?</label>
			<label kind="assignment" x="-119" y="144">execution0()</label>
			<nail x="-51" y="119"/>
		</transition>
		<transition>
			<source ref="id12"/>
			<target ref="id12"/>
			<label kind="guard" x="68" y="323">i&gt;=0 &amp;&amp; list[i]==0</label>
			<label kind="assignment" x="110" y="357">i--</label>
			<nail x="204" y="348"/>
			<nail x="25" y="348"/>
		</transition>
		<transition>
			<source ref="id12"/>
			<target ref="id13"/>
			<label kind="guard" x="272" y="102">i==-1</label>
			<label kind="assignment" x="272" y="127">i=N-1</label>
			<nail x="272" y="127"/>
		</transition>
		<transition>
			<source ref="id13"/>
			<target ref="id12"/>
			<label kind="synchronisation" x="85" y="76">request?</label>
			<label kind="assignment" x="17" y="110">list[requestid]++, execution0()</label>
		</transition>
	</template>
	<template>
		<name>time</name>
		<declaration>clock x;</declaration>
		<location id="id14" x="51" y="17">
			<name x="41" y="-17">time</name>
		</location>
		<location id="id15" x="-212" y="17">
			<committed/>
		</location>
		<init ref="id15"/>
		<transition>
			<source ref="id15"/>
			<target ref="id14"/>
		</transition>
	</template>
	<system>
S6 = SampleProvider(5,50,1000,0);  //piority=6 (highest priority), period=50, Number of consecutive jobs=1000(this value is valid only for lowest priority task), offset dynamics=0
S5 = SampleProvider(4,50,1000,0);  
S4 = SampleProvider(3,30,1000,0);   
S3 = SampleProvider(2,50,1000,0);  
S2 = SampleProvider(1,30,1000,0);
S1 = SampleProvider(0,57,170,150); //lowest priority 

A6 = ControlApplication(5,5); //piority=3 (highest priority), execution time=5
A5 = ControlApplication(4,5);
A4 = ControlApplication(3,7);
A3 = ControlApplication(2,7);
A2 =  ControlApplication(1,5);
A1 =  ControlApplication(0,13);
Time=time();
P= Processor();

system S1, S2, S3, S4, S5, S6,  A1, A2, A3, A4, A5, A6, P, Time;

</system>
	<queries>
		<query>
			<formula>sup : DH
			</formula>
			<comment>
			</comment>
		</query>
	</queries>
</nta>
